"Nazwa,ZdjÄ™cie"
"Koszulka 1,koszulka1.jpg"
"Koszulka 2,koszulka2.jpg"
"Koszulka 3,koszulka3.jpg"
"Koszulka 4,koszulka4.jpg"
"Koszulka 9,koszulka9.jpg"
"Kurtka 1,kurtka1.jpg"
"Kurtka 2,kurtka2.jpg"
"Kurtka 3,kurtka3.jpg"
"Kurtka 4,kurtka4.jpg"
"Kurtka 5,kurtka5.jpg"
"Kurtka 7,kurtka7.jpg"
"Kurtka 8,kurtka8.jpg"
"Kurtka 9,kurtka9.jpg"
"Kurtka 10,kurtka10.jpg"
"Kurtka 11,kurtka11.jpg"
"Kurtka 12,kurtka12.jpg"
"Kurtka 13,kurtka13.jpg"
"Spodnie 1,spodnie1.jpg"
"Spodnie 3,spodnie3.jpg"
"Spodnie 4,spodnie4.jpg"
"Spodnie 5,spodnie5.jpg"
"Spodnie 6,spodnie6.jpg"
"Spodnie 8,spodnie8.jpg"